Workbook

Sheet KPI-Übersicht
A1: KPI-Auswertung – TerminPilot
A2: KPI-STATUSÜBERSICHT
A3: KPI | B3: Zielwert | C3: Ist-Wert | D3: Status
A4: Nutzerfreundlichkeit | B4: {=_xlfn.SWITCH(tblKPIUebersicht[[#This Row],[KPI]],"Nutzerfreundlichkeit",'Usability-Test'!$D$7,"Kalendersynchronisation",Kalendersynchronisation!$D$7,"Fehlerrate funktionaler Tests",'Funktionale Tests'!$D$7,"Systemverfügbarkeit im lokalen Testbetrieb",Verfügbarkeit!$D$7,"Response Time",'Response Time'!$D$6)} -> 0.8 | C4: {=_xlfn.SWITCH(tblKPIUebersicht[[#This Row],[KPI]],"Nutzerfreundlichkeit",'Usability-Test'!$D$6,"Kalendersynchronisation",Kalendersynchronisation!$D$6,"Fehlerrate funktionaler Tests",'Funktionale Tests'!$D$6,"Systemverfügbarkeit im lokalen Testbetrieb",Verfügbarkeit!$D$6,"Response Time",'Response Time'!$D$5)} -> 0.9 | D4: =IF(OR(tblKPIUebersicht[[#This Row],[KPI]]="Fehlerrate funktionaler Tests",tblKPIUebersicht[[#This Row],[KPI]]="Response Time"),IF(tblKPIUebersicht[[#This Row],[Ist-Wert]]<=tblKPIUebersicht[[#This Row],[Zielwert]],"Erfüllt","Nicht erfüllt"),IF(tblKPIUebersicht[[#This Row],[Ist-Wert]]>=tblKPIUebersicht[[#This Row],[Zielwert]],"Erfüllt","Nicht erfüllt")) -> Erfüllt
A5: Kalendersynchronisation | B5: {=_xlfn.SWITCH(tblKPIUebersicht[[#This Row],[KPI]],"Nutzerfreundlichkeit",'Usability-Test'!$D$7,"Kalendersynchronisation",Kalendersynchronisation!$D$7,"Fehlerrate funktionaler Tests",'Funktionale Tests'!$D$7,"Systemverfügbarkeit im lokalen Testbetrieb",Verfügbarkeit!$D$7,"Response Time",'Response Time'!$D$6)} -> 0.9 | C5: {=_xlfn.SWITCH(tblKPIUebersicht[[#This Row],[KPI]],"Nutzerfreundlichkeit",'Usability-Test'!$D$6,"Kalendersynchronisation",Kalendersynchronisation!$D$6,"Fehlerrate funktionaler Tests",'Funktionale Tests'!$D$6,"Systemverfügbarkeit im lokalen Testbetrieb",Verfügbarkeit!$D$6,"Response Time",'Response Time'!$D$5)} -> 1 | D5: =IF(OR(tblKPIUebersicht[[#This Row],[KPI]]="Fehlerrate funktionaler Tests",tblKPIUebersicht[[#This Row],[KPI]]="Response Time"),IF(tblKPIUebersicht[[#This Row],[Ist-Wert]]<=tblKPIUebersicht[[#This Row],[Zielwert]],"Erfüllt","Nicht erfüllt"),IF(tblKPIUebersicht[[#This Row],[Ist-Wert]]>=tblKPIUebersicht[[#This Row],[Zielwert]],"Erfüllt","Nicht erfüllt")) -> Erfüllt
A6: Fehlerrate funktionaler Tests | B6: {=_xlfn.SWITCH(tblKPIUebersicht[[#This Row],[KPI]],"Nutzerfreundlichkeit",'Usability-Test'!$D$7,"Kalendersynchronisation",Kalendersynchronisation!$D$7,"Fehlerrate funktionaler Tests",'Funktionale Tests'!$D$7,"Systemverfügbarkeit im lokalen Testbetrieb",Verfügbarkeit!$D$7,"Response Time",'Response Time'!$D$6)} -> 0.05 | C6: {=_xlfn.SWITCH(tblKPIUebersicht[[#This Row],[KPI]],"Nutzerfreundlichkeit",'Usability-Test'!$D$6,"Kalendersynchronisation",Kalendersynchronisation!$D$6,"Fehlerrate funktionaler Tests",'Funktionale Tests'!$D$6,"Systemverfügbarkeit im lokalen Testbetrieb",Verfügbarkeit!$D$6,"Response Time",'Response Time'!$D$5)} -> 0 | D6: =IF(OR(tblKPIUebersicht[[#This Row],[KPI]]="Fehlerrate funktionaler Tests",tblKPIUebersicht[[#This Row],[KPI]]="Response Time"),IF(tblKPIUebersicht[[#This Row],[Ist-Wert]]<=tblKPIUebersicht[[#This Row],[Zielwert]],"Erfüllt","Nicht erfüllt"),IF(tblKPIUebersicht[[#This Row],[Ist-Wert]]>=tblKPIUebersicht[[#This Row],[Zielwert]],"Erfüllt","Nicht erfüllt")) -> Erfüllt
A7: Systemverfügbarkeit im lokalen Testbetrieb | B7: {=_xlfn.SWITCH(tblKPIUebersicht[[#This Row],[KPI]],"Nutzerfreundlichkeit",'Usability-Test'!$D$7,"Kalendersynchronisation",Kalendersynchronisation!$D$7,"Fehlerrate funktionaler Tests",'Funktionale Tests'!$D$7,"Systemverfügbarkeit im lokalen Testbetrieb",Verfügbarkeit!$D$7,"Response Time",'Response Time'!$D$6)} -> 0.99 | C7: {=_xlfn.SWITCH(tblKPIUebersicht[[#This Row],[KPI]],"Nutzerfreundlichkeit",'Usability-Test'!$D$6,"Kalendersynchronisation",Kalendersynchronisation!$D$6,"Fehlerrate funktionaler Tests",'Funktionale Tests'!$D$6,"Systemverfügbarkeit im lokalen Testbetrieb",Verfügbarkeit!$D$6,"Response Time",'Response Time'!$D$5)} -> 1 | D7: =IF(OR(tblKPIUebersicht[[#This Row],[KPI]]="Fehlerrate funktionaler Tests",tblKPIUebersicht[[#This Row],[KPI]]="Response Time"),IF(tblKPIUebersicht[[#This Row],[Ist-Wert]]<=tblKPIUebersicht[[#This Row],[Zielwert]],"Erfüllt","Nicht erfüllt"),IF(tblKPIUebersicht[[#This Row],[Ist-Wert]]>=tblKPIUebersicht[[#This Row],[Zielwert]],"Erfüllt","Nicht erfüllt")) -> Erfüllt
A8: Response Time | B8: {=_xlfn.SWITCH(tblKPIUebersicht[[#This Row],[KPI]],"Nutzerfreundlichkeit",'Usability-Test'!$D$7,"Kalendersynchronisation",Kalendersynchronisation!$D$7,"Fehlerrate funktionaler Tests",'Funktionale Tests'!$D$7,"Systemverfügbarkeit im lokalen Testbetrieb",Verfügbarkeit!$D$7,"Response Time",'Response Time'!$D$6)} -> 2 | C8: {=_xlfn.SWITCH(tblKPIUebersicht[[#This Row],[KPI]],"Nutzerfreundlichkeit",'Usability-Test'!$D$6,"Kalendersynchronisation",Kalendersynchronisation!$D$6,"Fehlerrate funktionaler Tests",'Funktionale Tests'!$D$6,"Systemverfügbarkeit im lokalen Testbetrieb",Verfügbarkeit!$D$6,"Response Time",'Response Time'!$D$5)} -> 1.66 | D8: =IF(OR(tblKPIUebersicht[[#This Row],[KPI]]="Fehlerrate funktionaler Tests",tblKPIUebersicht[[#This Row],[KPI]]="Response Time"),IF(tblKPIUebersicht[[#This Row],[Ist-Wert]]<=tblKPIUebersicht[[#This Row],[Zielwert]],"Erfüllt","Nicht erfüllt"),IF(tblKPIUebersicht[[#This Row],[Ist-Wert]]>=tblKPIUebersicht[[#This Row],[Zielwert]],"Erfüllt","Nicht erfüllt")) -> Erfüllt

Sheet Usability-Test
A1: Usability-Test – TerminPilot
A2: KPI-AUSWERTUNG | E2: BEWERTUNGSSKALA | K2: Intuitive Bedienung | L2: =AVERAGE(tblUsabilityTest[Die Anwendung ist intuitiv bedienbar.]) -> 4.2
A3: Anzahl der Testpersonen | D3: =ROWS(tblUsabilityTest[Durchschnittliche Bewertung]) -> 10 | E3: 1 – stimme überhaupt nicht zu | K3: Verständliche Terminfindung | L3: =AVERAGE(tblUsabilityTest[Die Terminfindung ist verständlich.]) -> 4.1
A4: Durchschnittliche Gesamtbewertung | D4: =AVERAGE(tblUsabilityTest[Durchschnittliche Bewertung]) -> 4.1 | E4: 2 – stimme eher nicht zu | K4: Übersichtliche Darstellung | L4: =AVERAGE(tblUsabilityTest[Die Darstellung der Informationen ist übersichtlich.]) -> 4
A5: Anzahl positiver Bewertungen | D5: =COUNTIF(tblUsabilityTest[Positive Bewertung],"Ja") -> 9 | E5: 3 – neutral | K5: Nachvollziehbare Kalenderintegration | L5: =AVERAGE(tblUsabilityTest[Die Kalenderintegration ist nachvollziehbar.]) -> 4.1
A6: Anteil positiver Bewertungen | D6: =D5/D3 -> 0.9 | E6: 4 – stimme eher zu | K6: Erneute Verwendung | L6: =AVERAGE(tblUsabilityTest[Ich würde TerminPilot erneut verwenden.]) -> 4.1
A7: Zielwert | D7: 0.8 | E7: 5 – stimme vollständig zu
A8: KPI-Status | D8: =IF(D6>=D7,"Erfüllt","Nicht erfüllt") -> Erfüllt | E8: Nur ganze Zahlen von 1 bis 5 eingeben.
A10: TESTERGEBNISSE
A11: Die Anwendung ist intuitiv bedienbar. | B11: Die Terminfindung ist verständlich. | C11: Die Darstellung der Informationen ist übersichtlich. | D11: Die Kalenderintegration ist nachvollziehbar. | E11: Ich würde TerminPilot erneut verwenden. | F11: Durchschnittliche Bewertung | G11: Positive Bewertung
A12: 5 | B12: 4 | C12: 4 | D12: 5 | E12: 4 | F12: =AVERAGE(tblUsabilityTest[[#This Row],[Die Anwendung ist intuitiv bedienbar.]]:tblUsabilityTest[[#This Row],[Ich würde TerminPilot erneut verwenden.]]) -> 4.4 | G12: =IF(tblUsabilityTest[[#This Row],[Durchschnittliche Bewertung]]>=4,"Ja","Nein") -> Ja
A13: 4 | B13: 4 | C13: 4 | D13: 4 | E13: 4 | F13: =AVERAGE(tblUsabilityTest[[#This Row],[Die Anwendung ist intuitiv bedienbar.]]:tblUsabilityTest[[#This Row],[Ich würde TerminPilot erneut verwenden.]]) -> 4 | G13: =IF(tblUsabilityTest[[#This Row],[Durchschnittliche Bewertung]]>=4,"Ja","Nein") -> Ja
A14: 4 | B14: 4 | C14: 4 | D14: 4 | E14: 4 | F14: =AVERAGE(tblUsabilityTest[[#This Row],[Die Anwendung ist intuitiv bedienbar.]]:tblUsabilityTest[[#This Row],[Ich würde TerminPilot erneut verwenden.]]) -> 4 | G14: =IF(tblUsabilityTest[[#This Row],[Durchschnittliche Bewertung]]>=4,"Ja","Nein") -> Ja
A15: 5 | B15: 5 | C15: 4 | D15: 5 | E15: 5 | F15: =AVERAGE(tblUsabilityTest[[#This Row],[Die Anwendung ist intuitiv bedienbar.]]:tblUsabilityTest[[#This Row],[Ich würde TerminPilot erneut verwenden.]]) -> 4.8 | G15: =IF(tblUsabilityTest[[#This Row],[Durchschnittliche Bewertung]]>=4,"Ja","Nein") -> Ja
A16: 4 | B16: 4 | C16: 4 | D16: 4 | E16: 4 | F16: =AVERAGE(tblUsabilityTest[[#This Row],[Die Anwendung ist intuitiv bedienbar.]]:tblUsabilityTest[[#This Row],[Ich würde TerminPilot erneut verwenden.]]) -> 4 | G16: =IF(tblUsabilityTest[[#This Row],[Durchschnittliche Bewertung]]>=4,"Ja","Nein") -> Ja
A17: 4 | B17: 5 | C17: 4 | D17: 4 | E17: 4 | F17: =AVERAGE(tblUsabilityTest[[#This Row],[Die Anwendung ist intuitiv bedienbar.]]:tblUsabilityTest[[#This Row],[Ich würde TerminPilot erneut verwenden.]]) -> 4.2 | G17: =IF(tblUsabilityTest[[#This Row],[Durchschnittliche Bewertung]]>=4,"Ja","Nein") -> Ja
A18: 3 | B18: 3 | C18: 3 | D18: 3 | E18: 3 | F18: =AVERAGE(tblUsabilityTest[[#This Row],[Die Anwendung ist intuitiv bedienbar.]]:tblUsabilityTest[[#This Row],[Ich würde TerminPilot erneut verwenden.]]) -> 3 | G18: =IF(tblUsabilityTest[[#This Row],[Durchschnittliche Bewertung]]>=4,"Ja","Nein") -> Nein
A19: 5 | B19: 4 | C19: 5 | D19: 4 | E19: 5 | F19: =AVERAGE(tblUsabilityTest[[#This Row],[Die Anwendung ist intuitiv bedienbar.]]:tblUsabilityTest[[#This Row],[Ich würde TerminPilot erneut verwenden.]]) -> 4.6 | G19: =IF(tblUsabilityTest[[#This Row],[Durchschnittliche Bewertung]]>=4,"Ja","Nein") -> Ja
A20: 4 | B20: 4 | C20: 4 | D20: 4 | E20: 4 | F20: =AVERAGE(tblUsabilityTest[[#This Row],[Die Anwendung ist intuitiv bedienbar.]]:tblUsabilityTest[[#This Row],[Ich würde TerminPilot erneut verwenden.]]) -> 4 | G20: =IF(tblUsabilityTest[[#This Row],[Durchschnittliche Bewertung]]>=4,"Ja","Nein") -> Ja
A21: 4 | B21: 4 | C21: 4 | D21: 4 | E21: 4 | F21: =AVERAGE(tblUsabilityTest[[#This Row],[Die Anwendung ist intuitiv bedienbar.]]:tblUsabilityTest[[#This Row],[Ich würde TerminPilot erneut verwenden.]]) -> 4 | G21: =IF(tblUsabilityTest[[#This Row],[Durchschnittliche Bewertung]]>=4,"Ja","Nein") -> Ja

Sheet Kalendersynchronisation
A1: Kalendersynchronisation – TerminPilot
A2: KPI-AUSWERTUNG | E2: ZULÄSSIGE WERTE
A3: Anzahl der Tests | D3: =COUNTA(tblKalendersynchronisation[Testfall]) -> 10 | E3: Kalenderanbieter:
A4: Erfolgreiche Tests | D4: =COUNTIF(tblKalendersynchronisation[Status],"Erfolgreich") -> 10 | E4: Apple oder Google
A5: Fehlgeschlagene Tests | D5: =COUNTIF(tblKalendersynchronisation[Status],"Fehlgeschlagen") -> 0 | E5: Status:
A6: Erfolgsquote | D6: =IFERROR(D4/D3,0) -> 1 | E6: Erfolgreich oder Fehlgeschlagen
A7: Zielwert | D7: 0.9
A8: KPI-Status | D8: =IF(D6>=D7,"Erfüllt","Nicht erfüllt") -> Erfüllt
A10: TESTERGEBNISSE
A11: Testfall | B11: Kalenderanbieter | C11: Erwartetes Ergebnis | D11: Tatsächliches Ergebnis | E11: Status
A12: KS-01 | B12: Apple | C12: Apple-Kalender kann angebunden werden | D12: Apple-Kalender wurde erfolgreich angebunden | E12: Erfolgreich
A13: KS-02 | B13: Google | C13: Google-Kalender kann angebunden werden | D13: Google-Kalender wurde erfolgreich angebunden | E13: Erfolgreich
A14: KS-03 | B14: Apple | C14: Verfügbare Apple-Kalender werden geladen | D14: Alle verfügbaren Apple-Kalender wurden angezeigt | E14: Erfolgreich
A15: KS-04 | B15: Google | C15: Ein Google-Kalender kann ausgewählt werden | D15: Der ausgewählte Google-Kalender wurde übernommen | E15: Erfolgreich
A16: KS-05 | B16: Apple | C16: Die Kalendersynchronisation kann ausgelöst werden | D16: Die Synchronisation wurde erfolgreich abgeschlossen | E16: Erfolgreich
A17: KS-06 | B17: Google | C17: Belegte Zeiträume werden aus Google eingelesen | D17: Die belegten Zeiträume wurden korrekt eingelesen | E17: Erfolgreich
A18: KS-07 | B18: Apple | C18: Mehrere angebundene Kalender werden gemeinsam verarbeitet | D18: Belegte Zeiten aller ausgewählten Kalender wurden berücksichtigt | E18: Erfolgreich
A19: KS-08 | B19: Google | C19: Synchronisierte Belegungen beeinflussen die Verfügbarkeit | D19: Belegte Zeiten wurden in der Terminfindung ausgeschlossen | E19: Erfolgreich
A20: KS-09 | B20: Apple | C20: Ein neu erstellter Termin wird mit dem Kalender synchronisiert | D20: Der neue Termin wurde im angebundenen Apple-Kalender angelegt | E20: Erfolgreich
A21: KS-10 | B21: Google | C21: Neue Kalenderdaten werden bei erneuter Synchronisation eingelesen | D21: Die aktualisierten Belegungen wurden korrekt übernommen | E21: Erfolgreich

Sheet Funktionale Tests
A1: Funktionale Tests – TerminPilot
A2: KPI-AUSWERTUNG
A3: Anzahl der Testfälle | D3: =COUNTA(tblFunktionaleTests[Testfall]) -> 10
A4: Bestandene Tests | D4: =COUNTIF(tblFunktionaleTests[Status],"Bestanden") -> 10
A5: Fehlgeschlagene Tests | D5: =COUNTIF(tblFunktionaleTests[Status],"Fehlgeschlagen") -> 0
A6: Fehlerrate | D6: =IFERROR(D5/D3,0) -> 0
A7: Zielwert (maximal) | D7: 0.05
A8: KPI-Status | D8: =IF(D6<=D7,"Erfüllt","Nicht erfüllt") -> Erfüllt
A10: TESTERGEBNISSE
A11: Testfall | B11: Funktionsbereich | C11: Erwartetes Ergebnis | D11: Tatsächliches Ergebnis | E11: Status
A12: FT-01 | B12: Apple-Kalenderintegration | C12: Ein Apple-Kalender kann sicher angebunden werden | D12: Die Apple-Kalenderverbindung wurde erfolgreich hergestellt | E12: Bestanden
A13: FT-02 | B13: Google-Kalenderintegration | C13: Ein Google-Kalender kann sicher angebunden werden | D13: Die Google-Kalenderverbindung wurde erfolgreich hergestellt | E13: Bestanden
A14: FT-03 | B14: Kalenderauswahl | C14: Ein verfügbarer Kalender kann ausgewählt werden | D14: Der ausgewählte Kalender wurde für die Verarbeitung übernommen | E14: Bestanden
A15: FT-04 | B15: Kalendersynchronisation | C15: Ausgewählte Kalender können synchronisiert werden | D15: Die Kalenderdaten wurden erfolgreich synchronisiert | E15: Bestanden
A16: FT-05 | B16: Datenschutz | C16: Verfügbarkeiten werden ohne private Termindetails angezeigt | D16: Nur anonymisierte Frei- und Belegtzeiten wurden dargestellt | E16: Bestanden
A17: FT-06 | B17: Verfügbarkeiten | C17: Gemeinsame freie Zeitfenster werden ermittelt | D17: Übereinstimmende freie Zeitfenster wurden korrekt angezeigt | E17: Bestanden
A18: FT-07 | B18: Terminfindung | C18: Eine zentrale Terminfindung kann durchgeführt werden | D18: Passende Terminvorschläge wurden erfolgreich ermittelt | E18: Bestanden
A19: FT-08 | B19: Filterung | C19: Die Terminfindung kann nach Zeitraum gefiltert werden | D19: Die Vorschläge wurden entsprechend dem Filter eingegrenzt | E19: Bestanden
A20: FT-09 | B20: Terminanfrage | C20: Eine Terminanfrage kann erstellt und versendet werden | D20: Die Terminanfrage wurde an die Teilnehmer übermittelt | E20: Bestanden
A21: FT-10 | B21: Teilnehmer-Workflow | C21: Teilnehmer können eine Einladung annehmen oder ablehnen | D21: Annahme und Ablehnung wurden korrekt verarbeitet | E21: Bestanden

Sheet Verfügbarkeit
A1: Verfügbarkeit – TerminPilot
A2: KPI-AUSWERTUNG
A3: Anzahl der Prüfungen | D3: =COUNTA(tblVerfuegbarkeit[Datum]) -> 10
A4: Erfolgreiche Prüfungen | D4: =COUNTIF(tblVerfuegbarkeit[TerminPilot erreichbar],"Ja") -> 10
A5: Fehlgeschlagene Prüfungen | D5: =COUNTIF(tblVerfuegbarkeit[TerminPilot erreichbar],"Nein") -> 0
A6: Systemverfügbarkeit im lokalen Testbetrieb | D6: =IFERROR(D4/D3,0) -> 1
A7: Zielwert | D7: 0.99
A8: KPI-Status | D8: =IF(D6>=D7,"Erfüllt","Nicht erfüllt") -> Erfüllt
A10: PRÜFERGEBNISSE
A11: Datum | B11: Uhrzeit | C11: TerminPilot erreichbar | D11: Bemerkung
A12: 46284 | B12: 0.33333333 | C12: Ja | D12: Lokaler Erreichbarkeitstest um 08:00 Uhr erfolgreich
A13: 46284 | B13: 0.375 | C13: Ja | D13: Lokaler Erreichbarkeitstest um 09:00 Uhr erfolgreich
A14: 46284 | B14: 0.41666667 | C14: Ja | D14: Lokaler Erreichbarkeitstest um 10:00 Uhr erfolgreich
A15: 46284 | B15: 0.45833333 | C15: Ja | D15: Lokaler Erreichbarkeitstest um 11:00 Uhr erfolgreich
A16: 46284 | B16: 0.5 | C16: Ja | D16: Lokaler Erreichbarkeitstest um 12:00 Uhr erfolgreich
A17: 46284 | B17: 0.54166667 | C17: Ja | D17: Lokaler Erreichbarkeitstest um 13:00 Uhr erfolgreich
A18: 46284 | B18: 0.58333333 | C18: Ja | D18: Lokaler Erreichbarkeitstest um 14:00 Uhr erfolgreich
A19: 46284 | B19: 0.625 | C19: Ja | D19: Lokaler Erreichbarkeitstest um 15:00 Uhr erfolgreich
A20: 46284 | B20: 0.66666667 | C20: Ja | D20: Lokaler Erreichbarkeitstest um 16:00 Uhr erfolgreich
A21: 46284 | B21: 0.70833333 | C21: Ja | D21: Lokaler Erreichbarkeitstest um 17:00 Uhr erfolgreich
A23: Die Messung stellt die Erreichbarkeit während des definierten lokalen Testzeitraums dar und keine Produktiv-SLA.

Sheet Response Time
A1: Response Time – TerminPilot
A2: KPI-AUSWERTUNG
A3: Anzahl der Messungen | D3: =COUNT(tblResponseTime[Response Time in Millisekunden]) -> 10
A4: Durchschnittliche Response Time | D4: =AVERAGE(tblResponseTime[Response Time in Sekunden]) -> 1.022
A5: Maximale Response Time | D5: =MAX(tblResponseTime[Response Time in Sekunden]) -> 1.66
A6: Zielwert (maximal) | D6: 2
A7: KPI-Status | D7: =IF(D5<=D6,"Erfüllt","Nicht erfüllt") -> Erfüllt
A9: MESSERGEBNISSE
A10: Aktion | B10: Durchlauf | C10: Response Time in Millisekunden | D10: Response Time in Sekunden | E10: Zielwert eingehalten
A11: Kalenderverbindungen laden | B11: 1 | C11: 420 | D11: =tblResponseTime[[#This Row],[Response Time in Millisekunden]]/1000 -> 0.42 | E11: =IF(tblResponseTime[[#This Row],[Response Time in Sekunden]]<=2,"Ja","Nein") -> Ja
A12: Kalenderverbindungen laden | B12: 2 | C12: 510 | D12: =tblResponseTime[[#This Row],[Response Time in Millisekunden]]/1000 -> 0.51 | E12: =IF(tblResponseTime[[#This Row],[Response Time in Sekunden]]<=2,"Ja","Nein") -> Ja
A13: Kalendersynchronisation durchführen | B13: 1 | C13: 780 | D13: =tblResponseTime[[#This Row],[Response Time in Millisekunden]]/1000 -> 0.78 | E13: =IF(tblResponseTime[[#This Row],[Response Time in Sekunden]]<=2,"Ja","Nein") -> Ja
A14: Kalendersynchronisation durchführen | B14: 2 | C14: 920 | D14: =tblResponseTime[[#This Row],[Response Time in Millisekunden]]/1000 -> 0.92 | E14: =IF(tblResponseTime[[#This Row],[Response Time in Sekunden]]<=2,"Ja","Nein") -> Ja
A15: Verfügbarkeiten abrufen | B15: 1 | C15: 1180 | D15: =tblResponseTime[[#This Row],[Response Time in Millisekunden]]/1000 -> 1.18 | E15: =IF(tblResponseTime[[#This Row],[Response Time in Sekunden]]<=2,"Ja","Nein") -> Ja
A16: Verfügbarkeiten abrufen | B16: 2 | C16: 1340 | D16: =tblResponseTime[[#This Row],[Response Time in Millisekunden]]/1000 -> 1.34 | E16: =IF(tblResponseTime[[#This Row],[Response Time in Sekunden]]<=2,"Ja","Nein") -> Ja
A17: Terminfindung durchführen | B17: 1 | C17: 1520 | D17: =tblResponseTime[[#This Row],[Response Time in Millisekunden]]/1000 -> 1.52 | E17: =IF(tblResponseTime[[#This Row],[Response Time in Sekunden]]<=2,"Ja","Nein") -> Ja
A18: Terminfindung durchführen | B18: 2 | C18: 1660 | D18: =tblResponseTime[[#This Row],[Response Time in Millisekunden]]/1000 -> 1.66 | E18: =IF(tblResponseTime[[#This Row],[Response Time in Sekunden]]<=2,"Ja","Nein") -> Ja
A19: Terminanfrage erstellen | B19: 1 | C19: 860 | D19: =tblResponseTime[[#This Row],[Response Time in Millisekunden]]/1000 -> 0.86 | E19: =IF(tblResponseTime[[#This Row],[Response Time in Sekunden]]<=2,"Ja","Nein") -> Ja
A20: Terminanfrage erstellen | B20: 2 | C20: 1030 | D20: =tblResponseTime[[#This Row],[Response Time in Millisekunden]]/1000 -> 1.03 | E20: =IF(tblResponseTime[[#This Row],[Response Time in Sekunden]]<=2,"Ja","Nein") -> Ja
